cycle_id,label,prediction,rpm,load,sample_0_0,sample_0_1,sample_0_2,sample_0_3,sample_0_4,sample_0_5,sample_0_6,sample_0_7,sample_0_8,sample_0_9,sample_0_10,sample_0_11,sample_0_12,sample_0_13,sample_0_14,sample_0_15,sample_0_16,sample_0_17,sample_0_18,sample_0_19,sample_0_20,sample_0_21,sample_0_22,sample_0_23,sample_0_24,sample_0_25,sample_0_26,sample_0_27,sample_0_28,sample_0_29,sample_0_30,sample_0_31,sample_0_32,sample_0_33,sample_0_34,sample_0_35,sample_0_36,sample_0_37,sample_0_38,sample_0_39,sample_0_40,sample_0_41,sample_0_42,sample_0_43,sample_0_44,sample_0_45,sample_0_46,sample_0_47,sample_0_48,sample_0_49,sample_0_50,sample_0_51,sample_0_52,sample_0_53,sample_0_54,sample_0_55,sample_0_56,sample_0_57,sample_0_58,sample_0_59,sample_0_60,sample_0_61,sample_0_62,sample_0_63,sample_1_0,sample_1_1,sample_1_2,sample_1_3,sample_1_4,sample_1_5,sample_1_6,sample_1_7,sample_1_8,sample_1_9,sample_1_10,sample_1_11,sample_1_12,sample_1_13,sample_1_14,sample_1_15,sample_1_16,sample_1_17,sample_1_18,sample_1_19,sample_1_20,sample_1_21,sample_1_22,sample_1_23,sample_1_24,sample_1_25,sample_1_26,sample_1_27,sample_1_28,sample_1_29,sample_1_30,sample_1_31,sample_1_32,sample_1_33,sample_1_34,sample_1_35,sample_1_36,sample_1_37,sample_1_38,sample_1_39,sample_1_40,sample_1_41,sample_1_42,sample_1_43,sample_1_44,sample_1_45,sample_1_46,sample_1_47,sample_1_48,sample_1_49,sample_1_50,sample_1_51,sample_1_52,sample_1_53,sample_1_54,sample_1_55,sample_1_56,sample_1_57,sample_1_58,sample_1_59,sample_1_60,sample_1_61,sample_1_62,sample_1_63,sample_2_0,sample_2_1,sample_2_2,sample_2_3,sample_2_4,sample_2_5,sample_2_6,sample_2_7,sample_2_8,sample_2_9,sample_2_10,sample_2_11,sample_2_12,sample_2_13,sample_2_14,sample_2_15,sample_2_16,sample_2_17,sample_2_18,sample_2_19,sample_2_20,sample_2_21,sample_2_22,sample_2_23,sample_2_24,sample_2_25,sample_2_26,sample_2_27,sample_2_28,sample_2_29,sample_2_30,sample_2_31,sample_2_32,sample_2_33,sample_2_34,sample_2_35,sample_2_36,sample_2_37,sample_2_38,sample_2_39,sample_2_40,sample_2_41,sample_2_42,sample_2_43,sample_2_44,sample_2_45,sample_2_46,sample_2_47,sample_2_48,sample_2_49,sample_2_50,sample_2_51,sample_2_52,sample_2_53,sample_2_54,sample_2_55,sample_2_56,sample_2_57,sample_2_58,sample_2_59,sample_2_60,sample_2_61,sample_2_62,sample_2_63,axis_0_mean,axis_0_rms,axis_0_peak,axis_0_zero_crossing,axis_0_low_band_power,axis_0_high_band_power,axis_1_mean,axis_1_rms,axis_1_peak,axis_1_zero_crossing,axis_1_low_band_power,axis_1_high_band_power,axis_2_mean,axis_2_rms,axis_2_peak,axis_2_zero_crossing,axis_2_low_band_power,axis_2_high_band_power
base-normal-003,0,0,3400.0,0.5,0.0852227882,-0.0403635092,-0.196438685,-0.126667768,0.0335762016,0.142216623,0.104648866,0.0811134428,-0.0744592473,-0.185638115,-0.0673114806,0.0957810581,0.131483495,0.0929527879,0.0779914856,-0.0413795821,-0.178122446,-0.0812394246,0.0484662317,0.121490985,0.136337221,0.0794239119,-0.00898564141,-0.151692897,-0.120234437,0.0558264293,0.0462922454,0.105472937,0.0812974572,-0.0428247452,-0.214591369,-0.0811778829,-0.023119567,0.0652013272,0.0982633606,0.0460323095,-0.0505763702,-0.159958839,-0.116125442,0.060670495,0.143643424,0.112450071,0.105616055,-0.0126692802,-0.158848733,-0.119850688,0.0461789109,0.0893547609,0.106785007,0.106115356,0.0186280496,-0.209240079,-0.14329581,-0.00333629665,0.0976864994,0.0924439877,0.114683159,0.0186911728,-0.136308372,-0.141925111,-0.00578695629,0.0835776851,0.154015809,0.11346785,-0.0514207408,-0.126448601,-0.141379431,0.0476353765,0.150516197,0.101660497,0.0772315189,0.010262006,-0.128681436,-0.111004405,-0.0274649207,0.0925876349,0.143466055,0.079249166,-0.0112425284,-0.131838039,-0.154534891,-0.0348332562,0.097704649,0.10702613,0.0560631268,-0.0281371456,-0.155678734,-0.162914634,-0.0205732174,0.103791282,0.112904951,0.0715080202,-0.00714438781,-0.124310054,-0.140803084,-0.0691919774,0.130836353,0.134224787,0.0891623423,0.0020430861,-0.093967855,-0.223154485,-0.0395010784,0.16972366,0.129838273,0.082865864,0.0451014489,-0.101888843,-0.187318116,-0.064496085,0.0836067572,0.119720303,0.0325410068,0.0257825293,-0.0986349061,-0.236608028,-0.0382025465,0.0747302994,0.138339192,0.0492722169,0.0256580804,-0.0754663199,-0.140085563,-0.0721940994,0.120968916,0.140550613,0.0641576946,0.0240198243,-0.106772065,-0.0956678689,-0.0998182595,0.111973852,0.158181667,0.0121472636,-0.0459301174,-0.0684719086,-0.134806797,-0.0502283238,0.107164361,0.119654469,0.0454997793,-0.00238078227,-0.0923940837,-0.155047253,-0.0828054473,0.0977126881,0.126347959,0.0807454064,-0.046883326,-0.0830840394,-0.121847264,-0.0764927119,0.153919309,0.170091495,0.038796559,-0.0281011332,-0.0223409273,-0.121815935,-0.083765775,0.0542368889,0.157014355,0.0738848895,-0.00432194769,-0.0546009876,-0.161226809,-0.124185197,0.000833534577,0.181814075,0.0764830038,0.0271437727,-0.110832982,-0.128288895,-0.0992571414,0.0968264565,0.158004627,0.0658161491,-0.0267365444,-0.0431085564,-0.137587279,-0.10209582,0.032213401,0.161552384,0.110077746,-0.066487819,-0.0322378688,-0.128173769,-0.100061268,0.0193309076,0.174975917,0.105627663,0.0469887406,-0.065497987,0.00470204186,0.107720137,0.219293416,0.285714298,6.86439962e-05,0.00517339818,-0.00100577425,0.10662578,0.23560226,0.269841284,4.00971585e-05,0.0051194001,-0.00216086814,0.100641467,0.183974937,0.285714298,1.45272652e-05,0.00442010956
base-normal-003,0,0,3400.0,0.5,0.0139421215,-0.122438349,-0.144960254,-0.0375922509,0.126572058,0.149979204,0.0942994803,0.0117085883,-0.114080764,-0.178488061,-0.0468809269,0.134722322,0.0689904988,0.0678610504,0.0237792451,-0.109254822,-0.229435995,-0.0657770783,0.146872014,0.1144633,0.062150877,0.0724696219,-0.0797400102,-0.177210331,-0.0583718941,0.13029024,0.125713304,0.0803641304,0.0509276874,-0.128941312,-0.137581259,-0.130243316,0.063517265,0.13511458,0.0820810348,0.0894160271,-0.0842917264,-0.198336437,-0.0908585712,0.0680730343,0.12778084,0.0529500619,0.0877058357,-0.104921997,-0.187865421,-0.122561075,0.0995291919,0.105080873,0.137579337,0.0532745831,-0.0785856172,-0.207055718,-0.0510969162,0.0784927756,0.11417672,0.0759321004,0.0707462952,-0.0668970123,-0.13709645,-0.106076822,0.0728581101,0.119923376,0.101915337,0.090467751,-0.0860935301,-0.167964503,-0.0810529813,0.0656542927,0.176939383,0.0920932814,0.0158501789,-0.0551688001,-0.131043345,-0.118493669,0.0401593968,0.137818426,0.0683650672,0.0257248189,-0.0489139073,-0.146761879,-0.0748569444,0.0431484766,0.115994647,0.0979709625,-0.0251088291,-0.043370679,-0.111426622,-0.11163827,-0.014310359,0.150044426,0.0931122974,0.0267163701,-0.0538865812,-0.107624747,-0.111202158,0.0877160206,0.171779633,0.159941584,0.0487383865,-0.046103958,-0.0981906131,-0.159424439,0.000488654769,0.186946452,0.110607207,0.0417700671,-0.00930267852,-0.102595285,-0.140748233,0.00684227515,0.198446035,0.116544925,0.0519484691,-0.0178761482,-0.142953977,-0.141562939,-0.0139873121,0.151196286,0.123731248,0.0596005581,-0.0470834151,-0.146682307,-0.142441347,-0.0450206473,0.138409331,0.157565862,0.0568762794,-0.0281037837,-0.0900068209,-0.0951550603,0.010525967,0.112252578,0.206706032,0.0087821763,-0.101621196,-0.0994335338,-0.14147152,-0.0274396073,0.123313449,0.143876091,0.0228026118,-0.0621090978,-0.117722206,-0.129733428,-0.0454064384,0.135883018,0.174260825,0.0218928698,-0.0402493328,-0.0963354856,-0.141427428,-0.0395035185,0.0893877521,0.183522329,0.0632453263,-0.0332965776,-0.134391844,-0.125542954,-0.042850282,0.140497491,0.157169014,0.0408265255,-0.0437033847,-0.0697298348,-0.160484657,-0.0483194999,0.085694246,0.172053799,0.0108446619,-0.023552794,-0.12017262,-0.155001312,-0.0870636776,0.106364891,0.112562023,0.0835683867,-0.0579060242,-0.0893050805,-0.109293632,-0.0745201707,0.0956109762,0.171541825,0.0574226603,-0.0936111361,-0.0669431686,-0.135390565,-0.108712472,0.0742836446,0.170783788,0.0739716142,-0.0366890132,-0.097811617,0.00164188258,0.111112542,0.23107788,0.285714298,2.88351148e-05,0.00540002761,0.00387103762,0.104710214,0.194574997,0.285714298,3.6494901e-05,0.00501256064,-0.00456656888,0.105449766,0.211272597,0.285714298,1.15186067e-05,0.00502104452
base-normal-003,0,0,3400.0,0.5,-0.0325716585,-0.174576193,-0.137857512,0.0249666888,0.123161592,0.118328318,0.0861665308,-0.00232979353,-0.129902601,-0.165946826,-0.0200874582,0.147455424,0.104330771,0.0366341509,-0.0338272229,-0.0829222351,-0.138070464,-0.0376947522,0.15963161,0.110327743,0.0836895928,-0.0336702839,-0.127571896,-0.117767967,-0.0327896662,0.0776863471,0.0846982598,0.0827418789,-0.0175202191,-0.116490178,-0.120989263,-0.0277662687,0.0677116513,0.136474818,0.100404546,-0.00245434907,-0.114458121,-0.141542256,-0.0217655469,0.114116244,0.110934041,0.0533632003,-0.00641362835,-0.072906293,-0.178680971,-0.0290714614,0.0994444788,0.0940614268,0.0800924227,0.0668667927,-0.0651438236,-0.145033434,-0.052504383,0.0947633162,0.15363273,0.0288625713,0.0440063439,-0.0868032649,-0.169244915,-0.0511308946,0.0977497771,0.16969192,0.0947161019,-0.0568669401,-0.150493532,-0.146701619,-0.0833655968,0.0631330684,0.180869326,0.0860058516,-0.01778372,-0.0818279386,-0.166318074,-0.0547501333,0.12776351,0.160517216,0.0949803814,-0.0437267795,-0.135861754,-0.127249211,-0.0801861212,0.0663436353,0.169181034,0.0631441325,0.022774836,-0.0502155833,-0.151175946,-0.0694712624,0.0785299838,0.192573518,0.119152151,-0.0396185704,-0.0971041247,-0.100892335,-0.0836846083,0.116101451,0.143537179,0.109759048,-0.0360859707,-0.106483296,-0.136419728,-0.0906467065,0.0657902434,0.177159697,0.0906866118,0.0307083093,-0.0745949224,-0.121058866,-0.140335992,0.0875035673,0.170896322,0.0742262974,-0.00995306484,-0.0547005609,-0.144550562,-0.0955957621,0.0256721266,0.20775266,0.151517838,0.00795544311,-0.0599797666,-0.133342192,-0.113299891,0.0509108976,0.181747183,0.0981141627,0.00923962239,-0.0429790355,-0.106751859,-0.128207982,0.0569317676,0.139249116,0.13919498,-0.0366805457,-0.0547018237,-0.102877997,-0.117471226,-0.000379027129,0.143858343,0.130991012,-0.0410376601,-0.10814596,-0.100049831,-0.0940026715,-0.0200707912,0.142265245,0.13554059,0.033598084,-0.106427372,-0.103959963,-0.0967103615,0.030499395,0.132514745,0.156533867,-0.0274333321,-0.0942565277,-0.0553701296,-0.0828878731,0.00954756886,0.107704096,0.126633793,-0.00933787599,-0.105233721,-0.104327559,-0.0823853314,0.00231812848,0.14517349,0.140341803,0.0273257606,-0.0417310819,-0.0732095465,-0.0989114717,-0.0488973707,0.134783193,0.133090928,0.0389688648,-0.0803312734,-0.085934788,-0.0754692331,-0.0751773566,0.116232321,0.146984771,0.0227320753,-0.0580238588,-0.0867833421,-0.0862114877,-0.0813293383,0.0880211517,0.179021344,0.0430041961,-0.0529627576,-0.147446528,0.00159903977,0.0997637883,0.180280015,0.285714298,1.13930846e-05,0.0045018848,0.00287178252,0.110005662,0.204880878,0.285714298,1.85645331e-05,0.00560385408,-0.00262603466,0.0975918919,0.181647375,0.285714298,1.54365443e-05,0.00423895335
base-normal-003,0,0,3400.0,0.5,-0.0404518433,-0.120837897,-0.0897165239,0.0467756279,0.156811431,0.112721018,0.0180800557,-0.0122287543,-0.141900554,-0.059429802,0.0456372052,0.143035218,0.0941485986,0.0454437956,-0.0422261357,-0.158252984,-0.145970061,0.049442634,0.167615488,0.157415286,0.00650831731,-0.0599623807,-0.138778582,-0.1665207,0.0616807416,0.120312653,0.122560628,0.0353828631,-0.0338289849,-0.167168915,-0.14483583,-0.00170214009,0.154520676,0.120452307,0.0066119181,0.00773966825,-0.145579487,-0.193896964,-0.0243479051,0.113581866,0.118388861,0.0486233756,-0.0216632932,-0.136244804,-0.145881295,-0.00364652718,0.167785794,0.124632403,0.0598320141,-0.0413465165,-0.0916539729,-0.104185417,-0.0213927701,0.118336938,0.161617532,-0.00758747244,-0.0160993151,-0.125075951,-0.186473161,-0.0202565044,0.113322094,0.154878959,0.0290937386,0.0123590864,-0.120245919,-0.067791976,-0.0156803075,0.149594352,0.116776325,-0.00557976449,-0.073929742,-0.104610123,-0.0732508451,-0.0594331622,0.128421918,0.139359534,0.0561698712,-0.0755501017,-0.0923197046,-0.10594023,-0.0300269946,0.148147136,0.131605431,0.0233241934,-0.0559789464,-0.0925834551,-0.157392815,-0.0976498798,0.121486209,0.147141472,0.0437370613,-0.0429006815,-0.124522164,-0.0961624607,-0.0506441817,0.0636873096,0.159999445,0.0321507677,-0.0509148128,-0.0912115276,-0.120136365,-0.0426121131,0.111979388,0.172395632,0.073859565,-0.0789832249,-0.0582907908,-0.135537595,-0.0328791589,0.0876372531,0.138244301,0.100219309,-0.0951604545,-0.0869799331,-0.137470037,-0.0776636451,0.0611091852,0.185488805,0.0833588466,-0.0669427514,-0.0961299315,-0.0995602831,-0.108908057,0.0481367707,0.201156527,0.0822968334,-0.0475210734,-0.0782385021,-0.0839617401,-0.0106509533,0.120747581,0.168808267,0.0904730409,-0.0171377435,-0.130379036,-0.108311564,-0.018620614,0.11122828,0.207844034,0.115351819,-0.0579730459,-0.175082654,-0.0761359036,-0.0372318365,0.056859374,0.181818396,0.0795156062,-0.04745166,-0.099163495,-0.0918069333,-0.0417793021,0.0224484373,0.138042405,0.10251417,-0.0425098054,-0.0963507518,-0.110508502,-0.0349851474,0.00235117227,0.150476411,0.10077998,-0.0422623493,-0.087068066,-0.0993597135,-0.0227154586,0.00121323881,0.159489602,0.106165871,-0.0701679885,-0.1075617,-0.0951880962,-0.0156734493,-0.0130631812,0.124630384,0.105585076,0.00570678711,-0.117101461,-0.114356026,-0.0811885372,0.0489960685,0.141480595,0.153013602,0.00242608623,-0.130378589,-0.123166114,-0.0480131917,-0.0112021919,0.197052374,0.202829227,0.0502043739,-0.10912513,-0.103224687,0.00134695857,0.106459409,0.195243925,0.269841284,3.76905882e-05,0.00510179484,-0.00374766043,0.100851096,0.204904184,0.285714298,1.42744266e-05,0.00454807049,0.00433118176,0.102938272,0.203512847,0.285714298,3.6864556e-05,0.00485633593
base-normal-003,0,0,3400.0,0.5,-0.125049576,-0.136523321,-0.0383414626,0.10901913,0.199271411,0.0553233474,0.00241224561,-0.0583549812,-0.133286089,-0.111865267,0.0989041924,0.175870851,0.0553383827,-0.0461944491,-0.0805427432,-0.09180253,-0.069968611,0.0637027547,0.181144148,0.0816860795,-0.0234408695,-0.0839077383,-0.124930725,-0.11391291,0.0807938427,0.185399026,0.0830709189,-0.00148275762,-0.064288713,-0.153502405,-0.0969907716,0.0638982877,0.198313475,0.0877649337,0.00811908022,-0.0742765963,-0.125967175,-0.0868359283,0.0217943285,0.141803756,0.117521845,-0.0149681745,-0.0514617972,-0.161594346,-0.136622638,0.0253946222,0.161725551,0.121799335,-0.0348804817,-0.0706879646,-0.126405507,-0.116079822,-0.0061670579,0.122487418,0.0624900274,-0.00480716955,-0.0711542368,-0.115361638,-0.118195102,0.0229583215,0.181261212,0.122962162,0.00618944271,-0.0224344973,-0.102567263,-0.0438965634,0.0203295164,0.188763604,0.14925392,-0.0342055894,-0.0677263662,-0.133560926,-0.0787410885,0.0251442045,0.138800368,0.117004178,-0.0273934454,-0.121279024,-0.124492198,-0.0647167116,0.00427779928,0.173283964,0.142596602,0.00831986964,-0.0973559469,-0.120360538,-0.0743999556,-0.023860842,0.133657396,0.141987085,0.00176804536,-0.0918469951,-0.102071196,-0.0803356171,-0.0317415893,0.145084262,0.177854925,0.0145176938,-0.107100472,-0.0810914189,-0.067562893,-0.0217444226,0.106228083,0.143859476,0.000357721176,-0.105935715,-0.0972003713,-0.0870798081,-0.0361421481,0.139306262,0.188368648,0.0541777685,-0.0821432099,-0.0835449323,-0.10223648,-0.0461126827,0.0938291922,0.108508117,-0.00770420395,-0.0526269525,-0.125296712,-0.0838602409,-0.0548357181,0.0964216068,0.146934509,0.0880717784,-0.0817034841,-0.146439627,-0.0949221402,0.0245201867,0.0824028328,0.185765505,0.0287841223,-0.158254296,-0.12383391,-0.0626606718,0.00601057801,0.0996922776,0.157555252,0.0524451323,-0.0893249512,-0.140189111,-0.102330334,-0.0417276099,0.13701883,0.154076084,0.0901093483,-0.104694329,-0.219029233,-0.11024794,-0.0355263688,0.0912895724,0.151917353,0.0787380785,-0.0788798705,-0.14448683,-0.0492591001,-0.00810658652,0.0814512223,0.157279566,0.0951006114,-0.0788365379,-0.131571516,-0.0576587282,-0.0203849878,0.0589642674,0.170848548,0.0960714892,-0.0915956199,-0.17590408,-0.113770097,-0.0165024195,0.0309343785,0.170817181,0.145837337,-0.0578954592,-0.137850165,-0.118082277,-0.0389439128,0.0832024738,0.150822714,0.129408389,-0.0609478354,-0.110688016,-0.0787381008,-0.0625801459,0.0481374376,0.210119918,0.087447077,-0.0421059281,-0.146310329,-0.118403658,-0.00084165507,0.104151443,0.200113073,0.285714298,3.12833799e-05,0.00490015978,-0.00222198036,0.100911051,0.19098559,0.285714298,1.24443759e-05,0.00465011457,-0.00258555217,0.110310815,0.216443688,0.285714298,3.65318374e-05,0.00558620831
base-imbalance-003,1,1,3400.0,0.5,-0.186377108,0.0145264836,0.264219046,0.354399413,0.109847382,-0.162019759,-0.333396226,-0.241508275,0.0305862594,0.223068044,0.401692003,0.115156151,-0.226453319,-0.316679984,-0.218217209,-0.0340335779,0.236248612,0.332857043,0.159827784,-0.19862397,-0.348387539,-0.207205296,-0.000242197348,0.192127258,0.339019567,0.155930176,-0.184653968,-0.315766424,-0.169552267,-0.0374519713,0.245545164,0.391010255,0.194300339,-0.136369184,-0.333066165,-0.27459693,-0.0739297196,0.176472336,0.351673722,0.186652839,-0.1665373,-0.293612003,-0.304238677,-0.0768268704,0.209991813,0.354615927,0.25609985,-0.0776677579,-0.268707901,-0.224799737,-0.0587213449,0.180426538,0.356534064,0.245206311,-0.0967953205,-0.290484697,-0.222080082,-0.0765953362,0.149999261,0.384993106,0.24128288,-0.114458062,-0.280370235,-0.284648031,-0.0255296305,0.462235987,0.674526751,0.408605576,-0.238157153,-0.626881063,-0.552641332,-0.0410621949,0.482548714,0.640959263,0.380944252,-0.213154063,-0.624446154,-0.572120965,-0.10006655,0.434375644,0.668990612,0.460352421,-0.181021973,-0.669083536,-0.599598467,-0.133617833,0.387649149,0.620633125,0.491868883,-0.0564785749,-0.607901096,-0.652767897,-0.143340915,0.360585332,0.634423256,0.496391445,-0.0882973969,-0.593731284,-0.620774508,-0.157606304,0.327638119,0.64153862,0.459774613,-0.0403162017,-0.602968156,-0.645642161,-0.202407628,0.322642565,0.617049873,0.557465315,0.009146614,-0.586391628,-0.644208431,-0.224054769,0.284549773,0.596906364,0.561118305,0.0218473505,-0.531708181,-0.658137858,-0.298793703,0.295539767,0.602819383,0.574544072,0.0291861929,-0.531598866,-0.669247985,-0.272016495,0.246209368,0.385373712,0.32630983,-0.0041172388,-0.38638413,-0.428405374,-0.144884497,0.229784429,0.412615418,0.362687111,0.0255796034,-0.355087936,-0.452097028,-0.142708838,0.228966773,0.419900209,0.323251158,0.0247984119,-0.36773324,-0.454427153,-0.18925862,0.176419705,0.385540247,0.334126592,0.0642098784,-0.336122006,-0.423366547,-0.214170754,0.182139918,0.385612339,0.356304109,0.0860095546,-0.29454127,-0.456498593,-0.223104686,0.181445047,0.372269392,0.350892931,0.103719957,-0.315380752,-0.478300661,-0.189635336,0.147823781,0.36843726,0.3740291,0.117954336,-0.269796073,-0.496482074,-0.232775718,0.126319721,0.397602797,0.381825924,0.129070535,-0.296902955,-0.466002733,-0.339236259,0.138666257,0.368429482,0.339893073,0.144944772,-0.203930244,-0.450282902,-0.326850504,0.0521577261,0.000300549698,0.237213433,0.401391447,0.285714298,9.52189075e-05,0.0273958985,0.00157947466,0.472836107,0.672947288,0.285714298,3.06415932e-05,0.110860884,0.00176306779,0.309698552,0.49824515,0.285714298,2.47650041e-05,0.0474579148
base-imbalance-003,1,1,3400.0,0.5,-0.123935841,0.126122937,0.287503392,0.314770937,-0.00274514151,-0.263266742,-0.33805123,-0.151046544,0.0851286203,0.260270298,0.304784,0.0525201112,-0.281745344,-0.333323479,-0.154408574,0.0820668116,0.290089279,0.3390899,0.0461756699,-0.23325105,-0.315616012,-0.114300624,0.0353119373,0.270956606,0.304559737,0.151593581,-0.248890325,-0.335112423,-0.203625083,0.0594092719,0.261458367,0.347585857,0.161372691,-0.229667261,-0.277074128,-0.244582012,0.037846297,0.241049856,0.35288012,0.148756072,-0.219111279,-0.346516192,-0.200418934,0.0134697389,0.244065985,0.308058619,0.180041417,-0.198120043,-0.352671295,-0.213838413,-0.0191383008,0.2513583,0.338442922,0.164792985,-0.167467803,-0.32872507,-0.211556777,-0.00732742436,0.229206786,0.36714223,0.173576906,-0.147910252,-0.378454,-0.22286585,0.139997423,0.569918573,0.573853195,0.223885313,-0.399648488,-0.699337721,-0.442671329,0.129410163,0.515277445,0.612569332,0.196147636,-0.358873636,-0.672783971,-0.450370073,0.138038471,0.572484195,0.597300708,0.289343953,-0.375598341,-0.697753191,-0.419941813,0.0744359419,0.541191161,0.596703827,0.303101867,-0.314963996,-0.71679455,-0.523350596,0.0811573863,0.464158982,0.616219938,0.331442446,-0.295273423,-0.636778653,-0.567425489,0.00656674523,0.477779418,0.634449601,0.376539528,-0.273043245,-0.647746623,-0.541960895,-0.0190937798,0.470404178,0.644828022,0.404806107,-0.171473593,-0.622260153,-0.577138126,-0.0793899819,0.441836119,0.650384486,0.432426095,-0.169750288,-0.657442033,-0.614631772,-0.0791132897,0.43598327,0.601650238,0.462832212,-0.152508169,-0.638152897,-0.585437238,-0.133858159,0.357721597,0.414662451,0.194783062,-0.147292003,-0.440892816,-0.393009543,-0.00264430372,0.314688921,0.427816629,0.180382997,-0.138505325,-0.444909036,-0.394737035,-0.0370766744,0.300436497,0.374487698,0.203662574,-0.0636827052,-0.451006711,-0.415620089,-0.0130929016,0.347281575,0.435708225,0.272236526,-0.113513045,-0.422241718,-0.407028764,-0.111991651,0.293479413,0.391599774,0.270168573,-0.0708797202,-0.399389565,-0.482107341,-0.0355920568,0.280067414,0.409288704,0.288512379,-0.0955478102,-0.39432025,-0.458820671,-0.1285723,0.303902775,0.376147717,0.297581613,0.00656290166,-0.334277302,-0.499242127,-0.181364,0.262007684,0.435298771,0.326660842,-0.00670146057,-0.370958149,-0.476373076,-0.180383205,0.261596262,0.393326432,0.3224639,0.056732554,-0.328352034,-0.501446247,-0.19453752,0.202981219,-0.000520393893,0.237924635,0.377933592,0.285714298,2.00315681e-05,0.0276723187,0.00113372598,0.469797224,0.71792829,0.269841284,2.37250861e-05,0.109461024,-0.00209158566,0.318249732,0.499354661,0.285714298,4.51911474e-05,0.0499328263
base-imbalance-003,1,1,3400.0,0.5,-0.0146189202,0.174260244,0.291233629,0.224577814,-0.120116755,-0.297824651,-0.296800673,-0.0795137659,0.161442176,0.327214897,0.21530813,-0.0779849067,-0.304396838,-0.289191723,-0.101668522,0.171538591,0.28689599,0.248022169,-0.0290905144,-0.312739998,-0.273345679,-0.0663958788,0.171319917,0.293414742,0.239634559,-0.00365654193,-0.311041951,-0.290225267,-0.0591345206,0.175420642,0.276565135,0.227518037,0.0184910633,-0.317186683,-0.355659485,-0.119614579,0.12022534,0.32085073,0.244975045,0.00123246119,-0.295541048,-0.307334065,-0.128400251,0.137291431,0.25212726,0.275204539,0.0336550623,-0.312395632,-0.329443723,-0.119617298,0.129383475,0.30859533,0.294374883,0.0658840463,-0.244778082,-0.33634299,-0.142231986,0.138027593,0.297027528,0.280532271,0.0713000819,-0.235378116,-0.340232879,-0.106387779,0.398373097,0.61506629,0.468677461,-0.0270838533,-0.535786092,-0.645550311,-0.17460674,0.354414463,0.630803168,0.527492404,0.0276354533,-0.562867463,-0.697419167,-0.303613991,0.278205752,0.589788139,0.513342381,0.0393662937,-0.50663656,-0.722105682,-0.323644251,0.269779563,0.634181023,0.567499995,0.0783804357,-0.490972102,-0.690642476,-0.336222142,0.215535879,0.634944916,0.599100709,0.123441793,-0.446681917,-0.664876878,-0.364788264,0.156115487,0.568367422,0.55451256,0.189483196,-0.417264044,-0.616371334,-0.390739739,0.163742766,0.574324489,0.586908877,0.221297249,-0.392784923,-0.712892294,-0.453446954,0.163265571,0.596596122,0.585117757,0.269771755,-0.341193378,-0.721874297,-0.459495515,0.12440636,0.574267507,0.639680803,0.280375034,-0.321970791,-0.706480324,-0.495741189,0.043582309,0.439288318,0.342972815,0.0917001441,-0.220603704,-0.436089545,-0.280174106,0.157426775,0.411602855,0.34852162,0.0702789724,-0.230858505,-0.457033634,-0.334392935,0.118134715,0.378110319,0.430251986,0.107832633,-0.18708843,-0.489822894,-0.283499479,0.103248969,0.398672163,0.405524641,0.12072657,-0.240393132,-0.445411772,-0.344676793,0.103855044,0.395203114,0.383928031,0.135320053,-0.180586427,-0.458966583,-0.362873077,0.0624016263,0.375318676,0.33871302,0.228745535,-0.131440192,-0.441559523,-0.399727702,-0.0265888125,0.330916077,0.411396444,0.226488292,-0.149762824,-0.396539927,-0.387863606,0.00122961972,0.357625395,0.432871729,0.196764216,-0.134738624,-0.426885873,-0.360739768,-0.0223598797,0.367519975,0.396504015,0.218888834,-0.124402687,-0.428632975,-0.399053961,-0.0542443693,0.369844377,-0.00226167031,0.229467109,0.353397816,0.285714298,2.96249891e-05,0.025841454,0.00522018457,0.473369896,0.727325857,0.285714298,6.56718257e-05,0.111445032,0.00657524727,0.314723164,0.496398151,0.285714298,6.69257061e-05,0.0488979816
base-imbalance-003,1,1,3400.0,0.5,0.0842495412,0.230074644,0.296073884,0.137715936,-0.198493928,-0.351227522,-0.221453384,0.0390663408,0.252152115,0.316327602,0.148900136,-0.128574833,-0.342341125,-0.251652867,0.0204943251,0.266813338,0.304428875,0.158096492,-0.159581706,-0.369496733,-0.227688968,0.0204853937,0.204719886,0.304179698,0.199232191,-0.155902371,-0.331072539,-0.26911068,-0.00961984787,0.200895071,0.354230821,0.191113502,-0.135030001,-0.371312767,-0.325351685,0.0053727203,0.243492573,0.258257836,0.245668471,-0.0657350495,-0.334482372,-0.260692775,-0.023671804,0.156876266,0.284155399,0.236556306,-0.0806467086,-0.324418604,-0.307157278,0.0120546324,0.182488725,0.284479886,0.223453909,-0.0099437302,-0.318148226,-0.292254508,-0.0260645151,0.198866799,0.292694479,0.224822789,-0.00902882218,-0.288796335,-0.345508754,-0.0662745088,0.507030666,0.660692215,0.343185514,-0.237074286,-0.704877734,-0.604487956,-0.0632250533,0.478269994,0.665193975,0.34151563,-0.206082448,-0.650628686,-0.638297915,-0.0483338721,0.456773132,0.624116361,0.378091305,-0.120552815,-0.643235087,-0.600759804,-0.101989061,0.484912425,0.642551184,0.351019263,-0.131353632,-0.619805336,-0.645498574,-0.131896377,0.404794991,0.66771239,0.456596285,-0.0761777833,-0.59396863,-0.633304775,-0.20019041,0.402513504,0.679829419,0.461130559,-0.0278114043,-0.554016173,-0.65875113,-0.211300567,0.417812049,0.649987936,0.451490849,-0.0252697971,-0.539315403,-0.661908984,-0.258678049,0.371268362,0.61280793,0.450072765,0.0403333865,-0.546023369,-0.7112239,-0.254264534,0.354256243,0.616157055,0.498812199,0.0609551631,-0.491037548,-0.654259741,-0.350982726,0.306861073,0.44533965,0.234935358,-0.0376867056,-0.355351776,-0.457123518,-0.126571327,0.29035908,0.433186382,0.27000615,-0.0252357963,-0.348021924,-0.433223963,-0.18367438,0.244890064,0.41835016,0.270590842,-0.00419565849,-0.29764688,-0.455612063,-0.172737628,0.252124429,0.472051173,0.296789676,0.0501857959,-0.326580852,-0.447444826,-0.249503851,0.22500743,0.441248775,0.326022327,0.0475941896,-0.268256366,-0.463411093,-0.261463016,0.157227039,0.460171282,0.346202165,-0.00794526935,-0.252236873,-0.435867518,-0.262036145,0.204372719,0.38958171,0.34098056,0.051192522,-0.315955728,-0.439082772,-0.257244885,0.111753635,0.413300663,0.394280076,0.0574279316,-0.224264011,-0.476113111,-0.332528323,0.114437796,0.417246342,0.37002036,0.074987188,-0.245795384,-0.412717223,-0.328064919,0.0651938915,0.417312443,-0.000347568159,0.233335465,0.370965213,0.269841284,9.55102587e-06,0.02664488,0.00375250424,0.477845997,0.71497643,0.285714298,6.96002244e-05,0.11334455,0.00313712517,0.313985527,0.479250222,0.285714298,5.38990171e-05,0.0486829542
base-imbalance-003,1,1,3400.0,0.5,0.166897759,0.267183334,0.26695919,0.0185597446,-0.270470768,-0.355040222,-0.151137888,0.118572839,0.309820712,0.261470944,0.108802356,-0.224457353,-0.368828326,-0.149596572,0.147485882,0.283135563,0.259309351,0.0890551805,-0.220678538,-0.313895077,-0.16859737,0.0852688998,0.294097841,0.259781033,0.109683827,-0.217007011,-0.342419624,-0.184628204,0.131051928,0.276680708,0.288813889,0.0966457054,-0.151821032,-0.3835949,-0.155025929,0.107848242,0.272882283,0.302467197,0.157321379,-0.186395854,-0.366431832,-0.201783329,0.102830946,0.276275903,0.28315106,0.119165957,-0.154751539,-0.374094605,-0.239919424,0.0763273612,0.187039256,0.281658024,0.144339666,-0.113289513,-0.321057439,-0.243364766,0.0405188054,0.250745833,0.299890101,0.149496362,-0.124572679,-0.373458475,-0.280795515,0.044424057,0.587741852,0.570962429,0.115475491,-0.387630194,-0.707318068,-0.427024633,0.17224586,0.645008206,0.578371763,0.159771368,-0.374675423,-0.689426363,-0.450571805,0.110629089,0.608654141,0.608380318,0.193883181,-0.325892925,-0.648360908,-0.50657022,0.0829214081,0.574173033,0.567415595,0.20705767,-0.358385772,-0.674087763,-0.537541091,0.0548469648,0.554393351,0.600107193,0.275013894,-0.309872478,-0.667332709,-0.502979696,0.015056272,0.526630342,0.614745498,0.258028269,-0.268859774,-0.669568896,-0.607767045,-0.0125035644,0.515098274,0.634869635,0.277895212,-0.173459932,-0.65264827,-0.607923806,-0.00494541507,0.518900752,0.592466533,0.39187631,-0.198887765,-0.630529642,-0.589698613,-0.0615021884,0.50425601,0.621810496,0.393522412,-0.16839008,-0.620411515,-0.600652635,-0.128842324,0.517879486,0.459016919,0.129061967,-0.152825937,-0.36957711,-0.373316228,-0.040630389,0.359249353,0.48875019,0.164372206,-0.152477935,-0.406969041,-0.430747837,-0.101038121,0.315263182,0.420347869,0.162108466,-0.138774171,-0.417243361,-0.427268147,-0.0574016944,0.329966784,0.471520036,0.205910861,-0.108636297,-0.384819657,-0.419227272,-0.101771928,0.294711709,0.452872485,0.232571676,-0.13321647,-0.361174554,-0.450244546,-0.122182265,0.301186204,0.440418541,0.209809184,-0.0435840562,-0.367833763,-0.432028592,-0.144237354,0.314899534,0.440422118,0.248521492,-0.0239850823,-0.339994609,-0.415682048,-0.140045688,0.22176744,0.433208674,0.299819946,-0.0394337215,-0.314846903,-0.419630408,-0.197683543,0.207287878,0.479753584,0.312030494,0.0079327235,-0.305197865,-0.431295812,-0.246826813,0.193712056,0.435345173,0.00466477079,0.231861904,0.388259679,0.285714298,2.03361014e-05,0.0262696184,0.00134104362,0.474834532,0.708659112,0.285714298,9.84061626e-05,0.111939728,0.000312336371,0.314693809,0.488437861,0.285714298,0.000123877617,0.0489072055
base-bearing_fault-005,2,2,1800.0,0.75,-0.0991516784,-0.0629811063,0.110885307,-0.0883302167,-0.0102184089,0.185757414,0.228581399,0.441224545,0.0709035173,-0.00222197943,0.00201256596,-0.0331412591,-0.144405082,-0.202141926,-0.156359717,-0.0347471423,-0.0338982418,-0.144704357,0.0567689799,0.156780124,0.219230667,0.0583984479,0.0134047465,-0.0632417873,-0.171334788,-0.0862658769,-0.370218039,-0.135361105,-0.192374066,-0.102154471,-0.0417064726,-0.113382757,0.251990855,0.133357644,0.147705138,0.105242074,0.0835839808,0.00193801324,-0.120697983,-0.210755616,-0.191629767,-0.00762631185,-0.0992863923,-0.0568598062,-0.00659222016,0.288350731,0.21561335,0.246199623,0.083828114,-0.0372557193,0.284929991,-0.0751974136,-0.0688022301,-0.112618923,-0.13333042,-0.00116938364,-0.0254803915,0.00429499056,0.132861435,0.248008847,0.110426441,0.158937052,0.156423286,-0.0195439346,-0.0415729731,0.00140835182,0.226422265,0.0162006095,0.107799113,0.237435505,0.318523496,0.13676922,-0.0353937037,-0.0951332003,-0.0753082708,0.0276870802,-0.161463022,-0.11543078,-0.112720832,0.0462634377,-0.00769800972,0.134449139,0.199491575,0.161731511,0.179688767,-0.197721779,-0.0491610579,-0.138094589,-0.198072359,-0.0990994498,-0.276901603,-0.0618614517,-0.108590171,-0.0237397794,-0.0586143918,0.207061723,0.23064591,0.142642766,0.0127115985,-0.154865876,-0.0202991441,-0.112226725,-0.16277571,-0.136776999,0.0243355986,0.0097326301,0.0471117198,0.0896947905,0.0633399785,0.379367411,0.208281085,0.162562609,0.0577049777,-0.0157533567,-0.0966189802,-0.067909345,-0.0497292131,-0.0879540443,0.145241305,-0.0879190713,0.105622374,0.157433152,0.152191594,0.275746375,0.0810657069,0.0441337191,0.0148967309,-0.0730559304,0.0604315102,0.240705118,0.0891494155,0.10009785,0.177292585,0.15830946,0.427296907,-0.0428247042,-0.164530918,-0.19989422,-0.121274456,-0.0600056723,-0.129218832,-0.0826264769,0.0107378755,0.121255688,0.0139869042,0.165734708,0.122118019,0.066657573,0.0303524435,-0.052503299,-0.0925038904,-0.228848681,-0.17835182,-0.425739616,0.0453644022,0.0487150103,-0.0320239477,0.0340689346,-0.123845145,0.205226004,0.0964163765,0.043571528,-0.0929931253,-0.0620346405,-0.10408736,-0.164555714,-0.102312304,-0.152656764,0.0598929413,0.0562511012,0.113581225,0.0951423645,0.300963819,0.103836983,0.134625301,0.0485764444,-0.0903114974,0.126156822,-0.215119645,-0.0963596329,-0.0533285104,-0.0130810076,0.0588086732,0.0344021991,0.107197985,0.20843339,0.276688635,-0.00499476586,0.0367417075,0.00765126897,-0.0729645416,-0.0540221408,0.0116008166,0.151120871,0.429623723,0.222222224,0.00103110075,0.00722998055,0.0231708121,0.140753984,0.356196612,0.317460328,0.00102988968,0.00626372639,0.0127097787,0.14292118,0.438449383,0.269841284,0.00116052711,0.0059913611
base-bearing_fault-005,2,2,1800.0,0.75,-0.0640007034,-0.0616243482,0.225351766,-0.0301561579,0.043225728,0.271655977,0.241646171,0.345229089,0.0157827083,-0.0288949553,-0.0991401821,-0.0333385207,-0.216869071,-0.156764984,-0.211434141,-0.0691814348,0.0808780938,0.0240871795,0.0895821676,0.171263039,0.18981196,-0.00797556713,0.0513498001,-0.123421006,-0.159228325,-0.0753329024,-0.394582719,-0.113266155,-0.141140953,-0.122687593,0.0108194491,0.0159544908,0.257657528,0.174814388,0.0775656998,-0.134342,0.0402873531,-0.0296360385,-0.154363975,-0.223542199,-0.115643911,0.0179630276,-0.0262388345,0.0347096138,0.0123928785,0.443061322,0.241718918,0.19725652,0.0673049167,-0.0864312276,0.141506791,-0.0777015612,-0.0825590715,-0.10343872,-0.0306743477,-0.0566865951,0.0057598725,0.108672664,0.140411422,0.313111544,0.123733833,0.128184944,0.0672508329,-0.0424819887,-0.00302546821,0.041752927,0.124294356,0.0734840706,0.169780076,0.198321715,0.367590338,0.0578063577,-0.130372003,-0.128789663,-0.105775803,0.015802402,-0.133507535,-0.132584408,-0.0314314589,0.0348387696,-0.0601206124,0.160670683,0.120408967,0.154748961,0.150788113,-0.128597111,-0.0990244374,-0.211890772,-0.171892688,-0.25224638,-0.126917928,-0.00662918435,-0.066795662,-0.0119086569,-0.104346067,0.19198437,0.220795155,0.100424148,-0.0385561921,-0.102698922,-0.0548987538,-0.130999133,-0.220921099,-0.17647858,0.08406315,0.0771473199,0.0868145972,0.0884674713,0.0797890201,0.279820889,0.165806904,0.127506658,-0.0784947723,0.0613740981,-0.117477119,-0.0910345316,-0.0436422005,-0.0520418324,0.238798112,-0.0242037922,0.0857621953,0.177643687,0.198205054,0.191558927,0.0532195084,0.00312676327,-0.0207298342,-0.0643709376,0.12126343,0.444924146,0.0659978613,0.0394198373,0.185572401,0.204129532,0.29388091,-0.0210023392,-0.259352028,-0.224258125,-0.0550658479,-0.095622696,-0.0143719511,-0.0171702355,0.067390196,0.141963705,0.117696822,0.185501724,0.0770884156,0.0820437595,-0.158840954,-0.036271207,-0.188748524,-0.207871601,-0.215108633,-0.361685514,0.0910151228,0.0656480789,0.0558844917,0.00135894236,0.0769310892,0.211420894,0.126013651,-0.0527303033,-0.268537968,-0.132328689,-0.153160989,-0.135399327,-0.119041115,-0.0308609996,-0.00218643434,0.136399537,0.142085016,0.110248096,0.368040234,0.119894676,0.0989450514,-0.0221874174,-0.125024021,-0.00903977547,-0.173012063,-0.0539369993,0.0539024062,0.14360036,0.0596898496,0.109378092,0.17163159,0.177428797,0.329233795,0.0399786718,-0.0438152477,-0.122319899,-0.0878447741,-0.172403932,0.0171440858,0.1537745,0.425917238,0.349206358,0.0013059472,0.00715057878,0.0165655036,0.135768563,0.351024836,0.253968269,0.00102983986,0.00584218279,0.0180687737,0.159847513,0.426855385,0.174603179,0.00102257705,0.00867981184
base-bearing_fault-005,2,2,1800.0,0.75,-0.0530161262,-0.0118917339,0.251080006,-0.0300348811,0.0320217572,0.249535143,0.292119652,0.182102785,-0.0170845278,-0.0817170516,-0.0673449636,-0.0265035257,-0.180365831,-0.146332398,-0.13564761,0.00210343418,-0.0263873059,0.113810055,0.123964727,0.163102821,0.169974774,-0.179621637,-0.0232455339,-0.183942422,-0.150222257,-0.149444476,-0.270416826,-0.0535310172,-0.0733487532,-0.0710496604,-0.102229841,0.212729827,0.204709485,0.151033804,0.0342212059,-0.231348827,-0.0694639981,-0.0994404033,-0.18839778,-0.17330502,0.017344607,-0.0248685684,0.0219329521,0.00883195177,0.124121875,0.368374527,0.241147712,0.145865515,0.0585422665,-0.0455661267,-0.0338534638,-0.0827392936,-0.0831215829,-0.0829453617,0.136371672,-0.0679437667,0.0520263836,0.155404359,0.175328076,0.296363771,0.107325986,0.130345151,0.00238060881,-0.059467122,0.0670617595,0.241085738,0.113374546,0.00741912192,0.112457998,0.220604554,0.43301475,-0.0138882939,-0.141815528,-0.154442936,-0.204574496,-0.0575230308,-0.145482421,-0.1088145,-0.0437136404,0.0608723089,-0.00731137767,0.166875511,0.0860810801,0.0984919444,0.0172250289,-0.0375687294,-0.12407054,-0.234202623,-0.168724611,-0.420848429,3.11487238e-05,0.0370653048,-0.0311670899,0.0677087754,-0.0998393148,0.125676274,0.178178355,0.0372715779,-0.0874008238,-0.0280862357,-0.0922709182,-0.172302753,-0.174435273,-0.166422933,0.091484122,0.0951528773,0.17459172,0.0811339915,0.260388047,0.140829548,0.196276844,0.0770151913,-0.0755767673,0.149730757,-0.195611447,-0.130042762,-0.0349696465,0.016011294,0.154320851,0.0329660065,0.158031419,0.190968141,0.25910601,0.0556141697,0.0208905358,-0.0616155788,-0.0658913478,-0.139347345,0.14053224,0.488613635,0.0796142593,0.12599054,0.0946320221,0.213973999,0.115866326,-0.147759408,-0.221569106,-0.25329119,-0.0198718682,-0.0941166803,-0.0206040759,0.00767730596,0.0728125125,0.088497296,0.186902106,0.0973243415,0.0283395369,0.00598426163,-0.291964084,-0.059263818,-0.191229701,-0.214995921,-0.227902025,-0.174802229,0.109835364,0.0939829275,0.0554017834,-0.110442407,0.152414948,0.160769254,0.0777274296,-0.0547930934,-0.310088992,-0.140333325,-0.153416678,-0.0630770698,-0.102494963,0.0871379077,0.141811416,0.132390738,0.169426382,0.0749316663,0.309828222,0.114540219,0.0562044568,-0.0273706559,-0.0756158084,-0.134085864,-0.171898618,-0.0249932259,0.0632889569,0.400965214,0.084025301,0.132454738,0.203671366,0.160516143,0.29071489,-0.0295170657,-0.0835093409,-0.109979764,-0.089892827,-0.275297672,0.0148183936,0.144214347,0.353556126,0.285714298,0.00131516403,0.0064674234,0.0126100928,0.147972792,0.433458507,0.301587313,0.00124219083,0.00678574434,0.0147597222,0.165154248,0.473853916,0.174603179,0.00115450879,0.00871241558
base-bearing_fault-005,2,2,1800.0,0.75,-0.0136217698,0.0588898994,0.145374507,0.0189605784,0.113869004,0.217009693,0.40677461,0.0904274955,-0.0329581164,-0.118317746,-0.097896561,0.0635629296,-0.105056472,-0.137948036,-0.0756397396,0.0127805071,-0.00865311455,0.168035388,0.14779605,0.13412489,0.163820654,-0.18662183,-0.124233164,-0.200947359,-0.172894433,-0.218404666,-0.101557076,-0.0406006835,-0.0208257772,-0.0181613881,-0.126210719,0.2225108,0.20881635,0.106523402,-0.0440908708,-0.183546185,-0.0913590565,-0.154261366,-0.155645266,-0.174324989,0.134170994,-0.000973360962,0.0525592901,0.0378772356,0.123936757,0.252244264,0.225939199,0.132982805,-0.0683329254,0.0816832781,-0.226553977,-0.130113795,-0.0924583524,-0.0925379097,0.247911394,-0.0432042666,0.0974012986,0.139495939,0.205658659,0.1153813,0.084670946,0.0420809574,-0.095212616,-0.0923224613,0.074769482,0.403319567,0.0654864013,0.068137303,0.157940447,0.178112671,0.360183865,-0.0626769513,-0.199593514,-0.176481172,-0.0970055908,-0.10762088,-0.0899521485,-0.00647917297,0.0550554693,0.212561801,0.107247807,0.104199521,0.0551181696,0.0847059488,-0.166896358,-0.0386356674,-0.100455761,-0.199816093,-0.235409632,-0.425556034,0.051179383,0.0588472076,0.0957269296,0.0764873698,0.0439342335,0.198663831,0.152551576,-0.00983961858,-0.290213376,-0.134524837,-0.14837721,-0.148553222,-0.127020761,-0.15756084,0.0568107776,0.12478283,0.0937367231,0.0775348768,0.332020491,0.137100071,0.122262873,0.0191174764,-0.191987649,0.0281762835,-0.221240193,-0.114520654,-0.0446230061,0.0768970996,0.045936171,0.0457673296,0.114138365,0.217298925,0.308193415,0.0305516347,-0.0530260876,-0.0790139958,-0.13162525,-0.207985148,0.193632528,0.35690245,0.125969633,0.0547933765,0.085092932,0.243923053,0.0185920224,-0.188922271,-0.254763365,-0.249024153,0.109998606,0.0603115894,0.0610468164,0.0702236891,0.129239395,0.0511183143,0.167804226,0.10071817,-0.0149875125,0.0112564769,-0.287605464,-0.0668945834,-0.250438452,-0.178445071,-0.227051765,-0.00186755904,0.153440118,0.154237941,0.108870819,-0.186235934,0.161615387,0.0999041945,0.0281316247,-0.0922515243,-0.317847043,-0.183962882,-0.148590088,-0.067998223,-0.104392067,0.185164943,0.117887691,0.196721524,0.13233538,0.0387302451,0.174584165,0.0593088605,-0.0542173609,-0.0793924853,-0.00044193535,-0.229708016,-0.174283698,0.0340117775,0.033815749,0.397013128,0.080662407,0.174920931,0.136941269,0.207734883,0.109605849,-0.106643319,-0.187764108,-0.134831056,-0.0632369891,-0.259047449,0.0126216412,0.141602084,0.394152969,0.317460328,0.000902556523,0.0064613088,0.00731036719,0.160715729,0.432866395,0.174603179,0.000733816996,0.00865609664,0.00805340335,0.162017837,0.388959736,0.206349209,0.000507622259,0.00886017829
base-bearing_fault-005,2,2,1800.0,0.75,0.0629692897,0.256254852,0.0799191147,-0.0125110988,0.129379869,0.223993331,0.395280927,0.0212623831,-0.0938037485,-0.173581094,-0.120458841,-0.0624771155,-0.0510739796,-0.0879233479,-0.00431900658,0.134139955,-0.0196202155,0.129940882,0.123128802,0.136722758,0.0166283399,-0.0406459123,-0.148775533,-0.213169917,-0.159770951,-0.3344239,-0.0128640216,0.000236479696,0.0405746475,0.0253494009,-0.146423057,0.229254052,0.218467921,0.046553418,-0.132298455,-0.0554645956,-0.124250762,-0.161002696,-0.179463834,-0.156733528,0.0499438904,0.0727739036,0.0521101356,0.0918667763,0.244245484,0.203478381,0.188831866,0.0510429367,-0.137169436,0.116285302,-0.195669428,-0.132488251,-0.0262902789,-0.0420098007,0.107591949,0.0518916734,0.104085103,0.14245829,0.2548078,0.0948603377,0.0579675771,-0.038537357,-0.0879421532,-0.0811024606,0.117857024,0.471614063,0.132161722,0.117203593,0.104347982,0.197618082,0.163322151,-0.0952066928,-0.220341563,-0.193580031,0.00724278251,-0.0670328736,-0.0334397145,0.0455888174,0.121760823,0.156726584,0.225116849,0.0903983191,0.0519936495,0.000460615265,-0.293391883,-0.0495655164,-0.193350554,-0.234506086,-0.155827075,-0.208912417,0.0879830793,0.118879467,0.0518656671,-0.034382239,0.110435836,0.137847245,0.0716666654,0.0245732479,-0.372267067,-0.204417855,-0.193678275,-0.0907696187,-0.10862305,0.0629586205,0.0798279047,0.184984744,0.173585534,0.116138354,0.295689344,0.0483184308,0.0855661705,-0.0818517357,-0.114937149,-0.126208082,-0.200265542,-0.0371666104,-0.0186178107,0.288324445,0.0316427574,0.129239574,0.120023087,0.209899947,0.281764925,-0.0181426853,-0.0625981987,-0.101453878,-0.112493537,-0.239789829,0.395250201,0.193780705,0.0381323285,0.0762967765,0.0550678,0.362917781,-0.0820497572,-0.251594573,-0.211693764,-0.140918061,0.0110625345,0.0780583024,0.100407809,0.105823919,0.14763695,0.0603047945,0.144105434,0.0594390072,0.0501760542,-0.116117612,-0.182687148,-0.0971271768,-0.152283579,-0.115912095,-0.309099406,0.0581529811,0.177604988,0.100570314,0.0141380206,-0.248148367,0.10361883,0.109931551,-0.0273479223,-0.192060307,-0.252934247,-0.131841093,-0.111922771,-0.0326743387,-0.0900015682,0.155333638,0.112291336,0.174975902,0.186611682,0.111989066,-0.0296200402,-0.0273311604,0.00230997265,-0.093263723,0.137772679,-0.265912414,-0.0906715766,0.0766655058,0.113606103,0.304952651,0.124520168,0.0704223216,0.109025009,0.196356192,-0.0243768878,-0.148132339,-0.164471045,-0.166048124,-0.0104298983,-0.166954294,0.0144067667,0.141195446,0.380874157,0.269841284,0.000885672751,0.00636019791,0.0133095393,0.162195146,0.458304524,0.174603179,0.000855907158,0.0090700984,0.00602631271,0.154101059,0.389223874,0.206349209,0.000634936499,0.00742785586
